Model,Accuracy,AUC,Precision,Recall,F1,MCC
Logistic Regression,0.885417,0.873191,0.72549,0.37,0.490066,0.464351
Decision Tree,0.875,0.660122,0.629032,0.39,0.481481,0.430175
kNN,0.860119,0.782002,0.565217,0.26,0.356164,0.317163
Naive Bayes,0.78125,0.738173,0.340136,0.5,0.404858,0.284463
Random Forest,0.888393,0.870245,0.857143,0.3,0.444444,0.466523
XGBoost,0.886905,0.871372,0.714286,0.4,0.512821,0.479059
